"SourcePath","DestinationPath","Bytes","SourceSHA256","DestinationSHA256","ByteEqual"
"AI_BRAINBOX/PROJ_WORKFLOW_AI_BRAINBOX/FOOTHIVE_PROJ_BRAINBOX/BUILD_REPORT_FH_BRAINBOX.md","AI_BRAINBOX/DEVOPS_AI_BRAINBOX/SANDBOX_DEVOPS_BRAINBOX/CASE_STUDIES_SANDBOX_BRAINBOX/FOOTHIVE_WORKFLOW_TRIAL_BRAINBOX/BUILD_REPORT_FH_BRAINBOX.md","159133","83E1724B146DB02E62663B9A788B7F76CEE2A96460DC6FEE36FCBC2F97D12A9F","83E1724B146DB02E62663B9A788B7F76CEE2A96460DC6FEE36FCBC2F97D12A9F","True"
"AI_BRAINBOX/PROJ_WORKFLOW_AI_BRAINBOX/FOOTHIVE_PROJ_BRAINBOX/PASSED_FH_BRAINBOX.md","AI_BRAINBOX/DEVOPS_AI_BRAINBOX/SANDBOX_DEVOPS_BRAINBOX/CASE_STUDIES_SANDBOX_BRAINBOX/FOOTHIVE_WORKFLOW_TRIAL_BRAINBOX/PASSED_FH_BRAINBOX.md","15597","F21DCFF41416C08810FE0B9BAA159ACAA322FA8648D7CFDB4CECA8BD3C627F2A","F21DCFF41416C08810FE0B9BAA159ACAA322FA8648D7CFDB4CECA8BD3C627F2A","True"
"AI_BRAINBOX/PROJ_WORKFLOW_AI_BRAINBOX/FOOTHIVE_PROJ_BRAINBOX/FAILED_FH_BRAINBOX.md","AI_BRAINBOX/DEVOPS_AI_BRAINBOX/SANDBOX_DEVOPS_BRAINBOX/CASE_STUDIES_SANDBOX_BRAINBOX/FOOTHIVE_WORKFLOW_TRIAL_BRAINBOX/FAILED_FH_BRAINBOX.md","17933","0EF078A4CA462AA57C72278B6622C99F4D939E152E6C05F531FBF5AD051CCEE5","0EF078A4CA462AA57C72278B6622C99F4D939E152E6C05F531FBF5AD051CCEE5","True"
"AI_BRAINBOX/PROJ_WORKFLOW_AI_BRAINBOX/FOOTHIVE_PROJ_BRAINBOX/CONVO_FH_BRAINBOX.md","AI_BRAINBOX/DEVOPS_AI_BRAINBOX/SANDBOX_DEVOPS_BRAINBOX/CASE_STUDIES_SANDBOX_BRAINBOX/FOOTHIVE_WORKFLOW_TRIAL_BRAINBOX/CONVO_FH_BRAINBOX.md","166094","C5151958347E98E1DF90AB9A98A85EF65D792F73F39B4B763AF69CB3A9F1C091","C5151958347E98E1DF90AB9A98A85EF65D792F73F39B4B763AF69CB3A9F1C091","True"
"AI_BRAINBOX/PROJ_WORKFLOW_AI_BRAINBOX/FOOTHIVE_PROJ_BRAINBOX/OPERATOR_ADDENDUM_FH_BRAINBOX.md","AI_BRAINBOX/DEVOPS_AI_BRAINBOX/SANDBOX_DEVOPS_BRAINBOX/CASE_STUDIES_SANDBOX_BRAINBOX/FOOTHIVE_WORKFLOW_TRIAL_BRAINBOX/OPERATOR_ADDENDUM_FH_BRAINBOX.md","3247","6EA8740BB3A4F4C88DFC68BEE7914040002AA1D2ECD66DF12525F1CF4B11C797","6EA8740BB3A4F4C88DFC68BEE7914040002AA1D2ECD66DF12525F1CF4B11C797","True"
"AI_BRAINBOX/PROJ_WORKFLOW_AI_BRAINBOX/FOOTHIVE_PROJ_BRAINBOX/DIRECTION A & B IMAGES/37n4T (DIRECTION B).jpg","AI_BRAINBOX/DEVOPS_AI_BRAINBOX/SANDBOX_DEVOPS_BRAINBOX/CASE_STUDIES_SANDBOX_BRAINBOX/FOOTHIVE_WORKFLOW_TRIAL_BRAINBOX/EVIDENCE_FH_BRAINBOX/DESIGN_DIRECTIONS_FH_BRAINBOX/37n4T (DIRECTION B).jpg","277800","90EEA2C42EF2DF1509D17F9712B0F277CAF1F1BEE1D6C6331D1E86E6CB4FD9DB","90EEA2C42EF2DF1509D17F9712B0F277CAF1F1BEE1D6C6331D1E86E6CB4FD9DB","True"
"AI_BRAINBOX/PROJ_WORKFLOW_AI_BRAINBOX/FOOTHIVE_PROJ_BRAINBOX/DIRECTION A & B IMAGES/FZxXm (DIRECTION A).jpg","AI_BRAINBOX/DEVOPS_AI_BRAINBOX/SANDBOX_DEVOPS_BRAINBOX/CASE_STUDIES_SANDBOX_BRAINBOX/FOOTHIVE_WORKFLOW_TRIAL_BRAINBOX/EVIDENCE_FH_BRAINBOX/DESIGN_DIRECTIONS_FH_BRAINBOX/FZxXm (DIRECTION A).jpg","238564","91FEDC0E35796FFC017BD2B8241B8F2A651A707349ABF756A7DA516A9A9C7E66","91FEDC0E35796FFC017BD2B8241B8F2A651A707349ABF756A7DA516A9A9C7E66","True"
"AI_BRAINBOX/PROJ_WORKFLOW_AI_BRAINBOX/FOOTHIVE_PROJ_BRAINBOX/EVIDENCE/header-review/screenshot-12-localhost-cropped.png","AI_BRAINBOX/DEVOPS_AI_BRAINBOX/SANDBOX_DEVOPS_BRAINBOX/CASE_STUDIES_SANDBOX_BRAINBOX/FOOTHIVE_WORKFLOW_TRIAL_BRAINBOX/EVIDENCE_FH_BRAINBOX/HEADER_REVIEW_FH_BRAINBOX/screenshot-12-localhost-cropped.png","1001208","A49F8EB8182C411266A153FAFCAB8E87DAAABAEFBD0493445511452BA9FF8F45","A49F8EB8182C411266A153FAFCAB8E87DAAABAEFBD0493445511452BA9FF8F45","True"
"AI_BRAINBOX/PROJ_WORKFLOW_AI_BRAINBOX/FOOTHIVE_PROJ_BRAINBOX/EVIDENCE/header-review/screenshot-13-deploy-preview-cropped.png","AI_BRAINBOX/DEVOPS_AI_BRAINBOX/SANDBOX_DEVOPS_BRAINBOX/CASE_STUDIES_SANDBOX_BRAINBOX/FOOTHIVE_WORKFLOW_TRIAL_BRAINBOX/EVIDENCE_FH_BRAINBOX/HEADER_REVIEW_FH_BRAINBOX/screenshot-13-deploy-preview-cropped.png","935185","99BF84B4C80B2574CB8C6B203A18BD234072ABC9BAC2CA86DCC7A56C17C72291","99BF84B4C80B2574CB8C6B203A18BD234072ABC9BAC2CA86DCC7A56C17C72291","True"
"AI_BRAINBOX/PROJ_WORKFLOW_AI_BRAINBOX/FOOTHIVE_PROJ_BRAINBOX/EVIDENCE/playwright/console-2026-10-01T18-51-20-395Z.log","AI_BRAINBOX/DEVOPS_AI_BRAINBOX/SANDBOX_DEVOPS_BRAINBOX/CASE_STUDIES_SANDBOX_BRAINBOX/FOOTHIVE_WORKFLOW_TRIAL_BRAINBOX/EVIDENCE_FH_BRAINBOX/PLAYWRIGHT_FH_BRAINBOX/console-2026-10-01T18-51-20-395Z.log","102735","728E5FE75B0C9EAEAAB8380B5EB9A8B21D059E83424273990D33A4FEA732D9F9","728E5FE75B0C9EAEAAB8380B5EB9A8B21D059E83424273990D33A4FEA732D9F9","True"
"AI_BRAINBOX/PROJ_WORKFLOW_AI_BRAINBOX/FOOTHIVE_PROJ_BRAINBOX/EVIDENCE/playwright/console-2026-10-01T18-57-44-828Z.log","AI_BRAINBOX/DEVOPS_AI_BRAINBOX/SANDBOX_DEVOPS_BRAINBOX/CASE_STUDIES_SANDBOX_BRAINBOX/FOOTHIVE_WORKFLOW_TRIAL_BRAINBOX/EVIDENCE_FH_BRAINBOX/PLAYWRIGHT_FH_BRAINBOX/console-2026-10-01T18-57-44-828Z.log","132","096FB55BE01DA66105F1F0E62C1737F9CDDC550107334C0C93BD1CE6DD855E7E","096FB55BE01DA66105F1F0E62C1737F9CDDC550107334C0C93BD1CE6DD855E7E","True"
"AI_BRAINBOX/PROJ_WORKFLOW_AI_BRAINBOX/FOOTHIVE_PROJ_BRAINBOX/EVIDENCE/playwright/page-2026-10-01T18-08-32-992Z.yml","AI_BRAINBOX/DEVOPS_AI_BRAINBOX/SANDBOX_DEVOPS_BRAINBOX/CASE_STUDIES_SANDBOX_BRAINBOX/FOOTHIVE_WORKFLOW_TRIAL_BRAINBOX/EVIDENCE_FH_BRAINBOX/PLAYWRIGHT_FH_BRAINBOX/page-2026-10-01T18-08-32-992Z.yml","11419","B073BF6566231D3643DE243CB854E63248C8875C19A80046FB62B078F97FEA13","B073BF6566231D3643DE243CB854E63248C8875C19A80046FB62B078F97FEA13","True"
"AI_BRAINBOX/PROJ_WORKFLOW_AI_BRAINBOX/FOOTHIVE_PROJ_BRAINBOX/EVIDENCE/playwright/page-2026-10-01T18-09-19-257Z.yml","AI_BRAINBOX/DEVOPS_AI_BRAINBOX/SANDBOX_DEVOPS_BRAINBOX/CASE_STUDIES_SANDBOX_BRAINBOX/FOOTHIVE_WORKFLOW_TRIAL_BRAINBOX/EVIDENCE_FH_BRAINBOX/PLAYWRIGHT_FH_BRAINBOX/page-2026-10-01T18-09-19-257Z.yml","12626","554419F33666662FADED3D34F5796C1355E9BC3E8520EA43B33CE43EAD99C184","554419F33666662FADED3D34F5796C1355E9BC3E8520EA43B33CE43EAD99C184","True"
"AI_BRAINBOX/PROJ_WORKFLOW_AI_BRAINBOX/FOOTHIVE_PROJ_BRAINBOX/EVIDENCE/playwright/page-2026-10-01T18-09-36-471Z.yml","AI_BRAINBOX/DEVOPS_AI_BRAINBOX/SANDBOX_DEVOPS_BRAINBOX/CASE_STUDIES_SANDBOX_BRAINBOX/FOOTHIVE_WORKFLOW_TRIAL_BRAINBOX/EVIDENCE_FH_BRAINBOX/PLAYWRIGHT_FH_BRAINBOX/page-2026-10-01T18-09-36-471Z.yml","12284","45214962D7D07C62A853B4BC653411E015B55D0A9AADCA9FEA0F1C25B977B0BC","45214962D7D07C62A853B4BC653411E015B55D0A9AADCA9FEA0F1C25B977B0BC","True"
"AI_BRAINBOX/PROJ_WORKFLOW_AI_BRAINBOX/FOOTHIVE_PROJ_BRAINBOX/EVIDENCE/playwright/page-2026-10-01T18-10-26-452Z.yml","AI_BRAINBOX/DEVOPS_AI_BRAINBOX/SANDBOX_DEVOPS_BRAINBOX/CASE_STUDIES_SANDBOX_BRAINBOX/FOOTHIVE_WORKFLOW_TRIAL_BRAINBOX/EVIDENCE_FH_BRAINBOX/PLAYWRIGHT_FH_BRAINBOX/page-2026-10-01T18-10-26-452Z.yml","11419","D6D761E01F8DB0BA53BC79C7677D0992C6ECC466E9E19F62718F6B9136656D3D","D6D761E01F8DB0BA53BC79C7677D0992C6ECC466E9E19F62718F6B9136656D3D","True"
"AI_BRAINBOX/PROJ_WORKFLOW_AI_BRAINBOX/FOOTHIVE_PROJ_BRAINBOX/EVIDENCE/playwright/page-2026-10-01T18-11-33-563Z.yml","AI_BRAINBOX/DEVOPS_AI_BRAINBOX/SANDBOX_DEVOPS_BRAINBOX/CASE_STUDIES_SANDBOX_BRAINBOX/FOOTHIVE_WORKFLOW_TRIAL_BRAINBOX/EVIDENCE_FH_BRAINBOX/PLAYWRIGHT_FH_BRAINBOX/page-2026-10-01T18-11-33-563Z.yml","11495","383696A99545EF3504AE3E72D47EC928F9A4D854174DD36E99FDEA5A8E9FD2A7","383696A99545EF3504AE3E72D47EC928F9A4D854174DD36E99FDEA5A8E9FD2A7","True"
"AI_BRAINBOX/PROJ_WORKFLOW_AI_BRAINBOX/FOOTHIVE_PROJ_BRAINBOX/EVIDENCE/playwright/page-2026-10-01T18-17-09-465Z.png","AI_BRAINBOX/DEVOPS_AI_BRAINBOX/SANDBOX_DEVOPS_BRAINBOX/CASE_STUDIES_SANDBOX_BRAINBOX/FOOTHIVE_WORKFLOW_TRIAL_BRAINBOX/EVIDENCE_FH_BRAINBOX/PLAYWRIGHT_FH_BRAINBOX/page-2026-10-01T18-17-09-465Z.png","34988","A7DB7C81601CDDC08ECBDE58E54BC4CD36DA81B16F0A7C6419C01DF2DC96812A","A7DB7C81601CDDC08ECBDE58E54BC4CD36DA81B16F0A7C6419C01DF2DC96812A","True"
"AI_BRAINBOX/PROJ_WORKFLOW_AI_BRAINBOX/FOOTHIVE_PROJ_BRAINBOX/EVIDENCE/playwright/page-2026-10-01T18-23-32-165Z.yml","AI_BRAINBOX/DEVOPS_AI_BRAINBOX/SANDBOX_DEVOPS_BRAINBOX/CASE_STUDIES_SANDBOX_BRAINBOX/FOOTHIVE_WORKFLOW_TRIAL_BRAINBOX/EVIDENCE_FH_BRAINBOX/PLAYWRIGHT_FH_BRAINBOX/page-2026-10-01T18-23-32-165Z.yml","11419","4D8D9D4520260C59EAA333AEA673DD81A57144015FBC6E0997F597374A42E4E2","4D8D9D4520260C59EAA333AEA673DD81A57144015FBC6E0997F597374A42E4E2","True"
"AI_BRAINBOX/PROJ_WORKFLOW_AI_BRAINBOX/FOOTHIVE_PROJ_BRAINBOX/EVIDENCE/playwright/page-2026-10-01T18-23-46-169Z.yml","AI_BRAINBOX/DEVOPS_AI_BRAINBOX/SANDBOX_DEVOPS_BRAINBOX/CASE_STUDIES_SANDBOX_BRAINBOX/FOOTHIVE_WORKFLOW_TRIAL_BRAINBOX/EVIDENCE_FH_BRAINBOX/PLAYWRIGHT_FH_BRAINBOX/page-2026-10-01T18-23-46-169Z.yml","11419","4D8D9D4520260C59EAA333AEA673DD81A57144015FBC6E0997F597374A42E4E2","4D8D9D4520260C59EAA333AEA673DD81A57144015FBC6E0997F597374A42E4E2","True"
"AI_BRAINBOX/PROJ_WORKFLOW_AI_BRAINBOX/FOOTHIVE_PROJ_BRAINBOX/EVIDENCE/playwright/page-2026-10-01T18-35-51-735Z.yml","AI_BRAINBOX/DEVOPS_AI_BRAINBOX/SANDBOX_DEVOPS_BRAINBOX/CASE_STUDIES_SANDBOX_BRAINBOX/FOOTHIVE_WORKFLOW_TRIAL_BRAINBOX/EVIDENCE_FH_BRAINBOX/PLAYWRIGHT_FH_BRAINBOX/page-2026-10-01T18-35-51-735Z.yml","10762","409C650D4D9287FC8D493FA5F20FD28F50B486A5D8B7DA459C35283FAA1F2D9F","409C650D4D9287FC8D493FA5F20FD28F50B486A5D8B7DA459C35283FAA1F2D9F","True"
"AI_BRAINBOX/PROJ_WORKFLOW_AI_BRAINBOX/FOOTHIVE_PROJ_BRAINBOX/EVIDENCE/playwright/page-2026-10-01T18-50-17-343Z.yml","AI_BRAINBOX/DEVOPS_AI_BRAINBOX/SANDBOX_DEVOPS_BRAINBOX/CASE_STUDIES_SANDBOX_BRAINBOX/FOOTHIVE_WORKFLOW_TRIAL_BRAINBOX/EVIDENCE_FH_BRAINBOX/PLAYWRIGHT_FH_BRAINBOX/page-2026-10-01T18-50-17-343Z.yml","11585","157CC07FE33AC009B7703D2FEA8F7ABDE65C7565A648997527006D47980BB14B","157CC07FE33AC009B7703D2FEA8F7ABDE65C7565A648997527006D47980BB14B","True"
"AI_BRAINBOX/PROJ_WORKFLOW_AI_BRAINBOX/FOOTHIVE_PROJ_BRAINBOX/EVIDENCE/playwright/page-2026-10-01T18-51-29-238Z.yml","AI_BRAINBOX/DEVOPS_AI_BRAINBOX/SANDBOX_DEVOPS_BRAINBOX/CASE_STUDIES_SANDBOX_BRAINBOX/FOOTHIVE_WORKFLOW_TRIAL_BRAINBOX/EVIDENCE_FH_BRAINBOX/PLAYWRIGHT_FH_BRAINBOX/page-2026-10-01T18-51-29-238Z.yml","11082","A38B1EC075B348E5AD170269E9DF3870B37B84993D740C5C9D464B164E81E827","A38B1EC075B348E5AD170269E9DF3870B37B84993D740C5C9D464B164E81E827","True"
"AI_BRAINBOX/PROJ_WORKFLOW_AI_BRAINBOX/FOOTHIVE_PROJ_BRAINBOX/EVIDENCE/playwright/page-2026-10-01T18-51-43-633Z.yml","AI_BRAINBOX/DEVOPS_AI_BRAINBOX/SANDBOX_DEVOPS_BRAINBOX/CASE_STUDIES_SANDBOX_BRAINBOX/FOOTHIVE_WORKFLOW_TRIAL_BRAINBOX/EVIDENCE_FH_BRAINBOX/PLAYWRIGHT_FH_BRAINBOX/page-2026-10-01T18-51-43-633Z.yml","11082","A38B1EC075B348E5AD170269E9DF3870B37B84993D740C5C9D464B164E81E827","A38B1EC075B348E5AD170269E9DF3870B37B84993D740C5C9D464B164E81E827","True"
"AI_BRAINBOX/PROJ_WORKFLOW_AI_BRAINBOX/FOOTHIVE_PROJ_BRAINBOX/EVIDENCE/playwright/page-2026-10-01T18-53-09-210Z.yml","AI_BRAINBOX/DEVOPS_AI_BRAINBOX/SANDBOX_DEVOPS_BRAINBOX/CASE_STUDIES_SANDBOX_BRAINBOX/FOOTHIVE_WORKFLOW_TRIAL_BRAINBOX/EVIDENCE_FH_BRAINBOX/PLAYWRIGHT_FH_BRAINBOX/page-2026-10-01T18-53-09-210Z.yml","12250","3BB2F0685E4F3B9AE1F22B918D7BBE64E427B87F088F6958A8028FDABCCD4E5F","3BB2F0685E4F3B9AE1F22B918D7BBE64E427B87F088F6958A8028FDABCCD4E5F","True"
"AI_BRAINBOX/PROJ_WORKFLOW_AI_BRAINBOX/FOOTHIVE_PROJ_BRAINBOX/EVIDENCE/playwright/page-2026-10-01T18-53-44-757Z.yml","AI_BRAINBOX/DEVOPS_AI_BRAINBOX/SANDBOX_DEVOPS_BRAINBOX/CASE_STUDIES_SANDBOX_BRAINBOX/FOOTHIVE_WORKFLOW_TRIAL_BRAINBOX/EVIDENCE_FH_BRAINBOX/PLAYWRIGHT_FH_BRAINBOX/page-2026-10-01T18-53-44-757Z.yml","11920","9C1467C98D715B77EF7BCA2DF3EFF976AFB91A32BCE337719A9D9C6BC186BCFE","9C1467C98D715B77EF7BCA2DF3EFF976AFB91A32BCE337719A9D9C6BC186BCFE","True"
"AI_BRAINBOX/PROJ_WORKFLOW_AI_BRAINBOX/FOOTHIVE_PROJ_BRAINBOX/EVIDENCE/playwright/page-2026-10-01T18-55-00-671Z.yml","AI_BRAINBOX/DEVOPS_AI_BRAINBOX/SANDBOX_DEVOPS_BRAINBOX/CASE_STUDIES_SANDBOX_BRAINBOX/FOOTHIVE_WORKFLOW_TRIAL_BRAINBOX/EVIDENCE_FH_BRAINBOX/PLAYWRIGHT_FH_BRAINBOX/page-2026-10-01T18-55-00-671Z.yml","11161","95C1435AD2CB5CBA2A03C107D9403B2D24A6716DC05D03C87AF55ED8A5BF9532","95C1435AD2CB5CBA2A03C107D9403B2D24A6716DC05D03C87AF55ED8A5BF9532","True"
"AI_BRAINBOX/PROJ_WORKFLOW_AI_BRAINBOX/FOOTHIVE_PROJ_BRAINBOX/EVIDENCE/playwright/page-2026-10-01T18-55-26-600Z.yml","AI_BRAINBOX/DEVOPS_AI_BRAINBOX/SANDBOX_DEVOPS_BRAINBOX/CASE_STUDIES_SANDBOX_BRAINBOX/FOOTHIVE_WORKFLOW_TRIAL_BRAINBOX/EVIDENCE_FH_BRAINBOX/PLAYWRIGHT_FH_BRAINBOX/page-2026-10-01T18-55-26-600Z.yml","12427","297734B6739F68B07D653A60F47CD0FBCBCC997B4B740CADB379DA806EE2B0CB","297734B6739F68B07D653A60F47CD0FBCBCC997B4B740CADB379DA806EE2B0CB","True"
"AI_BRAINBOX/PROJ_WORKFLOW_AI_BRAINBOX/FOOTHIVE_PROJ_BRAINBOX/EVIDENCE/playwright/page-2026-10-01T18-56-14-692Z.yml","AI_BRAINBOX/DEVOPS_AI_BRAINBOX/SANDBOX_DEVOPS_BRAINBOX/CASE_STUDIES_SANDBOX_BRAINBOX/FOOTHIVE_WORKFLOW_TRIAL_BRAINBOX/EVIDENCE_FH_BRAINBOX/PLAYWRIGHT_FH_BRAINBOX/page-2026-10-01T18-56-14-692Z.yml","12427","297734B6739F68B07D653A60F47CD0FBCBCC997B4B740CADB379DA806EE2B0CB","297734B6739F68B07D653A60F47CD0FBCBCC997B4B740CADB379DA806EE2B0CB","True"
"AI_BRAINBOX/PROJ_WORKFLOW_AI_BRAINBOX/FOOTHIVE_PROJ_BRAINBOX/EVIDENCE/playwright/page-2026-10-01T18-57-46-657Z.yml","AI_BRAINBOX/DEVOPS_AI_BRAINBOX/SANDBOX_DEVOPS_BRAINBOX/CASE_STUDIES_SANDBOX_BRAINBOX/FOOTHIVE_WORKFLOW_TRIAL_BRAINBOX/EVIDENCE_FH_BRAINBOX/PLAYWRIGHT_FH_BRAINBOX/page-2026-10-01T18-57-46-657Z.yml","4889","928FC2E5F3EA8550BC3A201836DD6B3C424B33B21FB02409F4F32307FE025CF2","928FC2E5F3EA8550BC3A201836DD6B3C424B33B21FB02409F4F32307FE025CF2","True"
"AI_BRAINBOX/PROJ_WORKFLOW_AI_BRAINBOX/FOOTHIVE_PROJ_BRAINBOX/EVIDENCE/T11-responsive-qa/edge-1440x900.png","AI_BRAINBOX/DEVOPS_AI_BRAINBOX/SANDBOX_DEVOPS_BRAINBOX/CASE_STUDIES_SANDBOX_BRAINBOX/FOOTHIVE_WORKFLOW_TRIAL_BRAINBOX/EVIDENCE_FH_BRAINBOX/T11_RESPONSIVE_QA_FH_BRAINBOX/edge-1440x900.png","91494","485BB830EFB79254D464D4CC2BD38829E082589E3139100A16E2746ED05FD3A1","485BB830EFB79254D464D4CC2BD38829E082589E3139100A16E2746ED05FD3A1","True"
"AI_BRAINBOX/PROJ_WORKFLOW_AI_BRAINBOX/FOOTHIVE_PROJ_BRAINBOX/EVIDENCE/T11-responsive-qa/edge-320x780.png","AI_BRAINBOX/DEVOPS_AI_BRAINBOX/SANDBOX_DEVOPS_BRAINBOX/CASE_STUDIES_SANDBOX_BRAINBOX/FOOTHIVE_WORKFLOW_TRIAL_BRAINBOX/EVIDENCE_FH_BRAINBOX/T11_RESPONSIVE_QA_FH_BRAINBOX/edge-320x780.png","22092","D41894343F0E545C1182B3EE9C574B3F54EC4B6F93E0C53C8569EA8EFACBF002","D41894343F0E545C1182B3EE9C574B3F54EC4B6F93E0C53C8569EA8EFACBF002","True"
"AI_BRAINBOX/PROJ_WORKFLOW_AI_BRAINBOX/FOOTHIVE_PROJ_BRAINBOX/EVIDENCE/T11-responsive-qa/edge-390x844.png","AI_BRAINBOX/DEVOPS_AI_BRAINBOX/SANDBOX_DEVOPS_BRAINBOX/CASE_STUDIES_SANDBOX_BRAINBOX/FOOTHIVE_WORKFLOW_TRIAL_BRAINBOX/EVIDENCE_FH_BRAINBOX/T11_RESPONSIVE_QA_FH_BRAINBOX/edge-390x844.png","23761","6104383E7232E0E19AD53F1A6F31202DC13C12012A05B12E39D72FE52BC18015","6104383E7232E0E19AD53F1A6F31202DC13C12012A05B12E39D72FE52BC18015","True"
"AI_BRAINBOX/PROJ_WORKFLOW_AI_BRAINBOX/FOOTHIVE_PROJ_BRAINBOX/EVIDENCE/T11-responsive-qa/edge-768x1024.png","AI_BRAINBOX/DEVOPS_AI_BRAINBOX/SANDBOX_DEVOPS_BRAINBOX/CASE_STUDIES_SANDBOX_BRAINBOX/FOOTHIVE_WORKFLOW_TRIAL_BRAINBOX/EVIDENCE_FH_BRAINBOX/T11_RESPONSIVE_QA_FH_BRAINBOX/edge-768x1024.png","38229","F202F619870D38D98568BF51E79846A27C64AE7FAC93F5BE952004DD8C549117","F202F619870D38D98568BF51E79846A27C64AE7FAC93F5BE952004DD8C549117","True"
"AI_BRAINBOX/PROJ_WORKFLOW_AI_BRAINBOX/FOOTHIVE_PROJ_BRAINBOX/EVIDENCE/T23-mobile-header/desktop-1440-after.png","AI_BRAINBOX/DEVOPS_AI_BRAINBOX/SANDBOX_DEVOPS_BRAINBOX/CASE_STUDIES_SANDBOX_BRAINBOX/FOOTHIVE_WORKFLOW_TRIAL_BRAINBOX/EVIDENCE_FH_BRAINBOX/T23_MOBILE_HEADER_FH_BRAINBOX/desktop-1440-after.png","93051","B94AC3E53679B9AD8FB67F919B90D9DF5C74C1605CAF49C5CCE8069F7883EC02","B94AC3E53679B9AD8FB67F919B90D9DF5C74C1605CAF49C5CCE8069F7883EC02","True"
"AI_BRAINBOX/PROJ_WORKFLOW_AI_BRAINBOX/FOOTHIVE_PROJ_BRAINBOX/EVIDENCE/T23-mobile-header/mobile-320-after.png","AI_BRAINBOX/DEVOPS_AI_BRAINBOX/SANDBOX_DEVOPS_BRAINBOX/CASE_STUDIES_SANDBOX_BRAINBOX/FOOTHIVE_WORKFLOW_TRIAL_BRAINBOX/EVIDENCE_FH_BRAINBOX/T23_MOBILE_HEADER_FH_BRAINBOX/mobile-320-after.png","24050","A95D5882D2215AAAAE0669C7D5A7DEA59DEE9E5A665F4C66F1208BC6133BDA47","A95D5882D2215AAAAE0669C7D5A7DEA59DEE9E5A665F4C66F1208BC6133BDA47","True"
"AI_BRAINBOX/PROJ_WORKFLOW_AI_BRAINBOX/FOOTHIVE_PROJ_BRAINBOX/EVIDENCE/T23-mobile-header/mobile-320-before-simulated.png","AI_BRAINBOX/DEVOPS_AI_BRAINBOX/SANDBOX_DEVOPS_BRAINBOX/CASE_STUDIES_SANDBOX_BRAINBOX/FOOTHIVE_WORKFLOW_TRIAL_BRAINBOX/EVIDENCE_FH_BRAINBOX/T23_MOBILE_HEADER_FH_BRAINBOX/mobile-320-before-simulated.png","24033","F12D7804115B5C96AB37AABE9FDEF690F7F4D07D62EA0138D6F35FB082040082","F12D7804115B5C96AB37AABE9FDEF690F7F4D07D62EA0138D6F35FB082040082","True"
"AI_BRAINBOX/PROJ_WORKFLOW_AI_BRAINBOX/FOOTHIVE_PROJ_BRAINBOX/EVIDENCE/T23-mobile-header/mobile-390-after.png","AI_BRAINBOX/DEVOPS_AI_BRAINBOX/SANDBOX_DEVOPS_BRAINBOX/CASE_STUDIES_SANDBOX_BRAINBOX/FOOTHIVE_WORKFLOW_TRIAL_BRAINBOX/EVIDENCE_FH_BRAINBOX/T23_MOBILE_HEADER_FH_BRAINBOX/mobile-390-after.png","25590","5CDB70D5F7CEE5AA4DBA8751583022F16E721B5235F40F9667FDC3445099C87B","5CDB70D5F7CEE5AA4DBA8751583022F16E721B5235F40F9667FDC3445099C87B","True"
"AI_BRAINBOX/PROJ_WORKFLOW_AI_BRAINBOX/FOOTHIVE_PROJ_BRAINBOX/EVIDENCE/T23-mobile-header/mobile-390-before-simulated.png","AI_BRAINBOX/DEVOPS_AI_BRAINBOX/SANDBOX_DEVOPS_BRAINBOX/CASE_STUDIES_SANDBOX_BRAINBOX/FOOTHIVE_WORKFLOW_TRIAL_BRAINBOX/EVIDENCE_FH_BRAINBOX/T23_MOBILE_HEADER_FH_BRAINBOX/mobile-390-before-simulated.png","25586","2B5E6CB9843F7517A821C015F2BEB5A40778D815C7866F27F1AACCA2224089AA","2B5E6CB9843F7517A821C015F2BEB5A40778D815C7866F27F1AACCA2224089AA","True"
"AI_BRAINBOX/PROJ_WORKFLOW_AI_BRAINBOX/FOOTHIVE_PROJ_BRAINBOX/EVIDENCE/T23-mobile-header/tablet-768-after.png","AI_BRAINBOX/DEVOPS_AI_BRAINBOX/SANDBOX_DEVOPS_BRAINBOX/CASE_STUDIES_SANDBOX_BRAINBOX/FOOTHIVE_WORKFLOW_TRIAL_BRAINBOX/EVIDENCE_FH_BRAINBOX/T23_MOBILE_HEADER_FH_BRAINBOX/tablet-768-after.png","39641","41390F438002FF42767D743741AFDC600FB5A01EE63CB7FE689FC46EFD64A748","41390F438002FF42767D743741AFDC600FB5A01EE63CB7FE689FC46EFD64A748","True"
"AI_BRAINBOX/PROJ_WORKFLOW_AI_BRAINBOX/FOOTHIVE_PROJ_BRAINBOX/EVIDENCE/T23-mobile-header/playwright-cli/console-2026-10-03T13-56-08-136Z.log","AI_BRAINBOX/DEVOPS_AI_BRAINBOX/SANDBOX_DEVOPS_BRAINBOX/CASE_STUDIES_SANDBOX_BRAINBOX/FOOTHIVE_WORKFLOW_TRIAL_BRAINBOX/EVIDENCE_FH_BRAINBOX/T23_MOBILE_HEADER_FH_BRAINBOX/PLAYWRIGHT_CLI_FH_BRAINBOX/console-2026-10-03T13-56-08-136Z.log","181","C6074EAEAE071E64392BED739AC77B4C52483FBA51FA6CAEB3D7C07F76870515","C6074EAEAE071E64392BED739AC77B4C52483FBA51FA6CAEB3D7C07F76870515","True"
"AI_BRAINBOX/PROJ_WORKFLOW_AI_BRAINBOX/FOOTHIVE_PROJ_BRAINBOX/EVIDENCE/T23-mobile-header/playwright-cli/console-2026-10-03T14-16-15-547Z.log","AI_BRAINBOX/DEVOPS_AI_BRAINBOX/SANDBOX_DEVOPS_BRAINBOX/CASE_STUDIES_SANDBOX_BRAINBOX/FOOTHIVE_WORKFLOW_TRIAL_BRAINBOX/EVIDENCE_FH_BRAINBOX/T23_MOBILE_HEADER_FH_BRAINBOX/PLAYWRIGHT_CLI_FH_BRAINBOX/console-2026-10-03T14-16-15-547Z.log","181","486100594D14C730E446EF84B2D51AA182B20D969BB6BA93A7A46E50631DD180","486100594D14C730E446EF84B2D51AA182B20D969BB6BA93A7A46E50631DD180","True"
"AI_BRAINBOX/PROJ_WORKFLOW_AI_BRAINBOX/FOOTHIVE_PROJ_BRAINBOX/EVIDENCE/T23-mobile-header/playwright-cli/page-2026-10-03T13-56-12-224Z.yml","AI_BRAINBOX/DEVOPS_AI_BRAINBOX/SANDBOX_DEVOPS_BRAINBOX/CASE_STUDIES_SANDBOX_BRAINBOX/FOOTHIVE_WORKFLOW_TRIAL_BRAINBOX/EVIDENCE_FH_BRAINBOX/T23_MOBILE_HEADER_FH_BRAINBOX/PLAYWRIGHT_CLI_FH_BRAINBOX/page-2026-10-03T13-56-12-224Z.yml","10921","2ED8BD3C91FFC6E98D2C2FA01EC3F6C5A4A51068B138BCFDE8840D80CF5616B0","2ED8BD3C91FFC6E98D2C2FA01EC3F6C5A4A51068B138BCFDE8840D80CF5616B0","True"
"AI_BRAINBOX/PROJ_WORKFLOW_AI_BRAINBOX/FOOTHIVE_PROJ_BRAINBOX/EVIDENCE/T23-mobile-header/playwright-cli/page-2026-10-03T14-00-15-971Z.yml","AI_BRAINBOX/DEVOPS_AI_BRAINBOX/SANDBOX_DEVOPS_BRAINBOX/CASE_STUDIES_SANDBOX_BRAINBOX/FOOTHIVE_WORKFLOW_TRIAL_BRAINBOX/EVIDENCE_FH_BRAINBOX/T23_MOBILE_HEADER_FH_BRAINBOX/PLAYWRIGHT_CLI_FH_BRAINBOX/page-2026-10-03T14-00-15-971Z.yml","12224","70607E0A4ADA7CFEEC55DB51829DCFFC2C60EE061BFF6B984890C00B18D434B8","70607E0A4ADA7CFEEC55DB51829DCFFC2C60EE061BFF6B984890C00B18D434B8","True"
"AI_BRAINBOX/PROJ_WORKFLOW_AI_BRAINBOX/FOOTHIVE_PROJ_BRAINBOX/EVIDENCE/T23-mobile-header/playwright-cli/page-2026-10-03T14-16-19-258Z.yml","AI_BRAINBOX/DEVOPS_AI_BRAINBOX/SANDBOX_DEVOPS_BRAINBOX/CASE_STUDIES_SANDBOX_BRAINBOX/FOOTHIVE_WORKFLOW_TRIAL_BRAINBOX/EVIDENCE_FH_BRAINBOX/T23_MOBILE_HEADER_FH_BRAINBOX/PLAYWRIGHT_CLI_FH_BRAINBOX/page-2026-10-03T14-16-19-258Z.yml","10921","2ED8BD3C91FFC6E98D2C2FA01EC3F6C5A4A51068B138BCFDE8840D80CF5616B0","2ED8BD3C91FFC6E98D2C2FA01EC3F6C5A4A51068B138BCFDE8840D80CF5616B0","True"
"C:/Users/USER/.codex/attachments/808d07cb-df14-43f9-a784-286aac6e23ba/Pasted text.txt","AI_BRAINBOX/DEVOPS_AI_BRAINBOX/SANDBOX_DEVOPS_BRAINBOX/CASE_STUDIES_SANDBOX_BRAINBOX/FOOTHIVE_WORKFLOW_TRIAL_BRAINBOX/AUDITS_FH_BRAINBOX/DEEP_AUDIT_ORIGINAL_FH_BRAINBOX.md","37224","DE429EBBD2C6AE561B71954834DF6F240C57B5FEF91FDB6897AB2CEF470BF746","DE429EBBD2C6AE561B71954834DF6F240C57B5FEF91FDB6897AB2CEF470BF746","True"
